spend_id,month
1,2020-01-01
2,2020-01-01
3,2020-01-01
4,2020-01-01
5,2020-01-01
6,2020-01-01
7,2020-01-01
8,2020-01-01
9,2020-01-01
10,2020-01-01
11,2020-01-01
12,2020-01-01
13,2020-01-01
14,2020-01-01
15,2020-01-01
16,2020-01-01
17,2020-01-01
18,2020-01-01
19,2020-01-01
20,2020-01-01
21,2020-01-01
22,2020-01-01
23,2020-01-01
24,2020-01-01
25,2020-01-01
26,2020-01-01
27,2020-01-01
28,2020-01-01
29,2020-01-01
30,2020-01-01
31,2020-01-01
32,2020-01-01
33,2020-01-01
34,2020-01-01
35,2020-01-01
36,2020-01-01
37,2020-01-01
38,2020-01-01
39,2020-01-01
40,2020-01-01
41,2020-02-01
42,2020-02-01
43,2020-02-01
44,2020-02-01
45,2020-02-01
46,2020-02-01
47,2020-02-01
48,2020-02-01
49,2020-02-01
50,2020-02-01
51,2020-02-01
52,2020-02-01
53,2020-02-01
54,2020-02-01
55,2020-02-01
56,2020-02-01
57,2020-02-01
58,2020-02-01
59,2020-02-01
60,2020-02-01
61,2020-02-01
62,2020-02-01
63,2020-02-01
64,2020-02-01
65,2020-02-01
66,2020-02-01
67,2020-02-01
68,2020-02-01
69,2020-02-01
70,2020-02-01
71,2020-02-01
72,2020-02-01
73,2020-02-01
74,2020-02-01
75,2020-02-01
76,2020-02-01
77,2020-02-01
78,2020-02-01
79,2020-02-01
80,2020-02-01
81,2020-03-01
82,2020-03-01
83,2020-03-01
84,2020-03-01
85,2020-03-01
86,2020-03-01
87,2020-03-01
88,2020-03-01
89,2020-03-01
90,2020-03-01
91,2020-03-01
92,2020-03-01
93,2020-03-01
94,2020-03-01
95,2020-03-01
96,2020-03-01
97,2020-03-01
98,2020-03-01
99,2020-03-01
100,2020-03-01
101,2020-03-01
102,2020-03-01
103,2020-03-01
104,2020-03-01
105,2020-03-01
106,2020-03-01
107,2020-03-01
108,2020-03-01
109,2020-03-01
110,2020-03-01
111,2020-03-01
112,2020-03-01
113,2020-03-01
114,2020-03-01
115,2020-03-01
116,2020-03-01
117,2020-03-01
118,2020-03-01
119,2020-03-01
120,2020-03-01
121,2020-04-01
122,2020-04-01
123,2020-04-01
124,2020-04-01
125,2020-04-01
126,2020-04-01
127,2020-04-01
128,2020-04-01
129,2020-04-01
130,2020-04-01
131,2020-04-01
132,2020-04-01
133,2020-04-01
134,2020-04-01
135,2020-04-01
136,2020-04-01
137,2020-04-01
138,2020-04-01
139,2020-04-01
140,2020-04-01
141,2020-04-01
142,2020-04-01
143,2020-04-01
144,2020-04-01
145,2020-04-01
146,2020-04-01
147,2020-04-01
148,2020-04-01
149,2020-04-01
150,2020-04-01
151,2020-04-01
152,2020-04-01
153,2020-04-01
154,2020-04-01
155,2020-04-01
156,2020-04-01
157,2020-04-01
158,2020-04-01
159,2020-04-01
160,2020-04-01
161,2020-05-01
162,2020-05-01
163,2020-05-01
164,2020-05-01
165,2020-05-01
166,2020-05-01
167,2020-05-01
168,2020-05-01
169,2020-05-01
170,2020-05-01
171,2020-05-01
172,2020-05-01
173,2020-05-01
174,2020-05-01
175,2020-05-01
176,2020-05-01
177,2020-05-01
178,2020-05-01
179,2020-05-01
180,2020-05-01
181,2020-05-01
182,2020-05-01
183,2020-05-01
184,2020-05-01
185,2020-05-01
186,2020-05-01
187,2020-05-01
188,2020-05-01
189,2020-05-01
190,2020-05-01
191,2020-05-01
192,2020-05-01
193,2020-05-01
194,2020-05-01
195,2020-05-01
196,2020-05-01
197,2020-05-01
198,2020-05-01
199,2020-05-01
200,2020-05-01
201,2020-06-01
202,2020-06-01
203,2020-06-01
204,2020-06-01
205,2020-06-01
206,2020-06-01
207,2020-06-01
208,2020-06-01
209,2020-06-01
210,2020-06-01
211,2020-06-01
212,2020-06-01
213,2020-06-01
214,2020-06-01
215,2020-06-01
216,2020-06-01
217,2020-06-01
218,2020-06-01
219,2020-06-01
220,2020-06-01
221,2020-06-01
222,2020-06-01
223,2020-06-01
224,2020-06-01
225,2020-06-01
226,2020-06-01
227,2020-06-01
228,2020-06-01
229,2020-06-01
230,2020-06-01
231,2020-06-01
232,2020-06-01
233,2020-06-01
234,2020-06-01
235,2020-06-01
236,2020-06-01
237,2020-06-01
238,2020-06-01
239,2020-06-01
240,2020-06-01
241,2020-07-01
242,2020-07-01
243,2020-07-01
244,2020-07-01
245,2020-07-01
246,2020-07-01
247,2020-07-01
248,2020-07-01
249,2020-07-01
250,2020-07-01
251,2020-07-01
252,2020-07-01
253,2020-07-01
254,2020-07-01
255,2020-07-01
256,2020-07-01
257,2020-07-01
258,2020-07-01
259,2020-07-01
260,2020-07-01
261,2020-07-01
262,2020-07-01
263,2020-07-01
264,2020-07-01
265,2020-07-01
266,2020-07-01
267,2020-07-01
268,2020-07-01
269,2020-07-01
270,2020-07-01
271,2020-07-01
272,2020-07-01
273,2020-07-01
274,2020-07-01
275,2020-07-01
276,2020-07-01
277,2020-07-01
278,2020-07-01
279,2020-07-01
280,2020-07-01
281,2020-08-01
282,2020-08-01
283,2020-08-01
284,2020-08-01
285,2020-08-01
286,2020-08-01
287,2020-08-01
288,2020-08-01
289,2020-08-01
290,2020-08-01
291,2020-08-01
292,2020-08-01
293,2020-08-01
294,2020-08-01
295,2020-08-01
296,2020-08-01
297,2020-08-01
298,2020-08-01
299,2020-08-01
300,2020-08-01
301,2020-08-01
302,2020-08-01
303,2020-08-01
304,2020-08-01
305,2020-08-01
306,2020-08-01
307,2020-08-01
308,2020-08-01
309,2020-08-01
310,2020-08-01
311,2020-08-01
312,2020-08-01
313,2020-08-01
314,2020-08-01
315,2020-08-01
316,2020-08-01
317,2020-08-01
318,2020-08-01
319,2020-08-01
320,2020-08-01
321,2020-09-01
322,2020-09-01
323,2020-09-01
324,2020-09-01
325,2020-09-01
326,2020-09-01
327,2020-09-01
328,2020-09-01
329,2020-09-01
330,2020-09-01
331,2020-09-01
332,2020-09-01
333,2020-09-01
334,2020-09-01
335,2020-09-01
336,2020-09-01
337,2020-09-01
338,2020-09-01
339,2020-09-01
340,2020-09-01
341,2020-09-01
342,2020-09-01
343,2020-09-01
344,2020-09-01
345,2020-09-01
346,2020-09-01
347,2020-09-01
348,2020-09-01
349,2020-09-01
350,2020-09-01
351,2020-09-01
352,2020-09-01
353,2020-09-01
354,2020-09-01
355,2020-09-01
356,2020-09-01
357,2020-09-01
358,2020-09-01
359,2020-09-01
360,2020-09-01
361,2020-10-01
362,2020-10-01
363,2020-10-01
364,2020-10-01
365,2020-10-01
366,2020-10-01
367,2020-10-01
368,2020-10-01
369,2020-10-01
370,2020-10-01
371,2020-10-01
372,2020-10-01
373,2020-10-01
374,2020-10-01
375,2020-10-01
376,2020-10-01
377,2020-10-01
378,2020-10-01
379,2020-10-01
380,2020-10-01
381,2020-10-01
382,2020-10-01
383,2020-10-01
384,2020-10-01
385,2020-10-01
386,2020-10-01
387,2020-10-01
388,2020-10-01
389,2020-10-01
390,2020-10-01
391,2020-10-01
392,2020-10-01
393,2020-10-01
394,2020-10-01
395,2020-10-01
396,2020-10-01
397,2020-10-01
398,2020-10-01
399,2020-10-01
400,2020-10-01
401,2020-11-01
402,2020-11-01
403,2020-11-01
404,2020-11-01
405,2020-11-01
406,2020-11-01
407,2020-11-01
408,2020-11-01
409,2020-11-01
410,2020-11-01
411,2020-11-01
412,2020-11-01
413,2020-11-01
414,2020-11-01
415,2020-11-01
416,2020-11-01
417,2020-11-01
418,2020-11-01
419,2020-11-01
420,2020-11-01
421,2020-11-01
422,2020-11-01
423,2020-11-01
424,2020-11-01
425,2020-11-01
426,2020-11-01
427,2020-11-01
428,2020-11-01
429,2020-11-01
430,2020-11-01
431,2020-11-01
432,2020-11-01
433,2020-11-01
434,2020-11-01
435,2020-11-01
436,2020-11-01
437,2020-11-01
438,2020-11-01
439,2020-11-01
440,2020-11-01
441,2020-12-01
442,2020-12-01
443,2020-12-01
444,2020-12-01
445,2020-12-01
446,2020-12-01
447,2020-12-01
448,2020-12-01
449,2020-12-01
450,2020-12-01
451,2020-12-01
452,2020-12-01
453,2020-12-01
454,2020-12-01
455,2020-12-01
456,2020-12-01
457,2020-12-01
458,2020-12-01
459,2020-12-01
460,2020-12-01
461,2020-12-01
462,2020-12-01
463,2020-12-01
464,2020-12-01
465,2020-12-01
466,2020-12-01
467,2020-12-01
468,2020-12-01
469,2020-12-01
470,2020-12-01
471,2020-12-01
472,2020-12-01
473,2020-12-01
474,2020-12-01
475,2020-12-01
476,2020-12-01
477,2020-12-01
478,2020-12-01
479,2020-12-01
480,2020-12-01
481,2021-01-01
482,2021-01-01
483,2021-01-01
484,2021-01-01
485,2021-01-01
486,2021-01-01
487,2021-01-01
488,2021-01-01
489,2021-01-01
490,2021-01-01
491,2021-01-01
492,2021-01-01
493,2021-01-01
494,2021-01-01
495,2021-01-01
496,2021-01-01
497,2021-01-01
498,2021-01-01
499,2021-01-01
500,2021-01-01
501,2021-01-01
502,2021-01-01
503,2021-01-01
504,2021-01-01
505,2021-01-01
506,2021-01-01
507,2021-01-01
508,2021-01-01
509,2021-01-01
510,2021-01-01
511,2021-01-01
512,2021-01-01
513,2021-01-01
514,2021-01-01
515,2021-01-01
516,2021-01-01
517,2021-01-01
518,2021-01-01
519,2021-01-01
520,2021-01-01
521,2021-02-01
522,2021-02-01
523,2021-02-01
524,2021-02-01
525,2021-02-01
526,2021-02-01
527,2021-02-01
528,2021-02-01
529,2021-02-01
530,2021-02-01
531,2021-02-01
532,2021-02-01
533,2021-02-01
534,2021-02-01
535,2021-02-01
536,2021-02-01
537,2021-02-01
538,2021-02-01
539,2021-02-01
540,2021-02-01
541,2021-02-01
542,2021-02-01
543,2021-02-01
544,2021-02-01
545,2021-02-01
546,2021-02-01
547,2021-02-01
548,2021-02-01
549,2021-02-01
550,2021-02-01
551,2021-02-01
552,2021-02-01
553,2021-02-01
554,2021-02-01
555,2021-02-01
556,2021-02-01
557,2021-02-01
558,2021-02-01
559,2021-02-01
560,2021-02-01
561,2021-03-01
562,2021-03-01
563,2021-03-01
564,2021-03-01
565,2021-03-01
566,2021-03-01
567,2021-03-01
568,2021-03-01
569,2021-03-01
570,2021-03-01
571,2021-03-01
572,2021-03-01
573,2021-03-01
574,2021-03-01
575,2021-03-01
576,2021-03-01
577,2021-03-01
578,2021-03-01
579,2021-03-01
580,2021-03-01
581,2021-03-01
582,2021-03-01
583,2021-03-01
584,2021-03-01
585,2021-03-01
586,2021-03-01
587,2021-03-01
588,2021-03-01
589,2021-03-01
590,2021-03-01
591,2021-03-01
592,2021-03-01
593,2021-03-01
594,2021-03-01
595,2021-03-01
596,2021-03-01
597,2021-03-01
598,2021-03-01
599,2021-03-01
600,2021-03-01
601,2021-04-01
602,2021-04-01
603,2021-04-01
604,2021-04-01
605,2021-04-01
606,2021-04-01
607,2021-04-01
608,2021-04-01
609,2021-04-01
610,2021-04-01
611,2021-04-01
612,2021-04-01
613,2021-04-01
614,2021-04-01
615,2021-04-01
616,2021-04-01
617,2021-04-01
618,2021-04-01
619,2021-04-01
620,2021-04-01
621,2021-04-01
622,2021-04-01
623,2021-04-01
624,2021-04-01
625,2021-04-01
626,2021-04-01
627,2021-04-01
628,2021-04-01
629,2021-04-01
630,2021-04-01
631,2021-04-01
632,2021-04-01
633,2021-04-01
634,2021-04-01
635,2021-04-01
636,2021-04-01
637,2021-04-01
638,2021-04-01
639,2021-04-01
640,2021-04-01
641,2021-05-01
642,2021-05-01
643,2021-05-01
644,2021-05-01
645,2021-05-01
646,2021-05-01
647,2021-05-01
648,2021-05-01
649,2021-05-01
650,2021-05-01
651,2021-05-01
652,2021-05-01
653,2021-05-01
654,2021-05-01
655,2021-05-01
656,2021-05-01
657,2021-05-01
658,2021-05-01
659,2021-05-01
660,2021-05-01
661,2021-05-01
662,2021-05-01
663,2021-05-01
664,2021-05-01
665,2021-05-01
666,2021-05-01
667,2021-05-01
668,2021-05-01
669,2021-05-01
670,2021-05-01
671,2021-05-01
672,2021-05-01
673,2021-05-01
674,2021-05-01
675,2021-05-01
676,2021-05-01
677,2021-05-01
678,2021-05-01
679,2021-05-01
680,2021-05-01
681,2021-06-01
682,2021-06-01
683,2021-06-01
684,2021-06-01
685,2021-06-01
686,2021-06-01
687,2021-06-01
688,2021-06-01
689,2021-06-01
690,2021-06-01
691,2021-06-01
692,2021-06-01
693,2021-06-01
694,2021-06-01
695,2021-06-01
696,2021-06-01
697,2021-06-01
698,2021-06-01
699,2021-06-01
700,2021-06-01
701,2021-06-01
702,2021-06-01
703,2021-06-01
704,2021-06-01
705,2021-06-01
706,2021-06-01
707,2021-06-01
708,2021-06-01
709,2021-06-01
710,2021-06-01
711,2021-06-01
712,2021-06-01
713,2021-06-01
714,2021-06-01
715,2021-06-01
716,2021-06-01
717,2021-06-01
718,2021-06-01
719,2021-06-01
720,2021-06-01
721,2021-07-01
722,2021-07-01
723,2021-07-01
724,2021-07-01
725,2021-07-01
726,2021-07-01
727,2021-07-01
728,2021-07-01
729,2021-07-01
730,2021-07-01
731,2021-07-01
732,2021-07-01
733,2021-07-01
734,2021-07-01
735,2021-07-01
736,2021-07-01
737,2021-07-01
738,2021-07-01
739,2021-07-01
740,2021-07-01
741,2021-07-01
742,2021-07-01
743,2021-07-01
744,2021-07-01
745,2021-07-01
746,2021-07-01
747,2021-07-01
748,2021-07-01
749,2021-07-01
750,2021-07-01
751,2021-07-01
752,2021-07-01
753,2021-07-01
754,2021-07-01
755,2021-07-01
756,2021-07-01
757,2021-07-01
758,2021-07-01
759,2021-07-01
760,2021-07-01
761,2021-08-01
762,2021-08-01
763,2021-08-01
764,2021-08-01
765,2021-08-01
766,2021-08-01
767,2021-08-01
768,2021-08-01
769,2021-08-01
770,2021-08-01
771,2021-08-01
772,2021-08-01
773,2021-08-01
774,2021-08-01
775,2021-08-01
776,2021-08-01
777,2021-08-01
778,2021-08-01
779,2021-08-01
780,2021-08-01
781,2021-08-01
782,2021-08-01
783,2021-08-01
784,2021-08-01
785,2021-08-01
786,2021-08-01
787,2021-08-01
788,2021-08-01
789,2021-08-01
790,2021-08-01
791,2021-08-01
792,2021-08-01
793,2021-08-01
794,2021-08-01
795,2021-08-01
796,2021-08-01
797,2021-08-01
798,2021-08-01
799,2021-08-01
800,2021-08-01
801,2021-09-01
802,2021-09-01
803,2021-09-01
804,2021-09-01
805,2021-09-01
806,2021-09-01
807,2021-09-01
808,2021-09-01
809,2021-09-01
810,2021-09-01
811,2021-09-01
812,2021-09-01
813,2021-09-01
814,2021-09-01
815,2021-09-01
816,2021-09-01
817,2021-09-01
818,2021-09-01
819,2021-09-01
820,2021-09-01
821,2021-09-01
822,2021-09-01
823,2021-09-01
824,2021-09-01
825,2021-09-01
826,2021-09-01
827,2021-09-01
828,2021-09-01
829,2021-09-01
830,2021-09-01
831,2021-09-01
832,2021-09-01
833,2021-09-01
834,2021-09-01
835,2021-09-01
836,2021-09-01
837,2021-09-01
838,2021-09-01
839,2021-09-01
840,2021-09-01
841,2021-10-01
842,2021-10-01
843,2021-10-01
844,2021-10-01
845,2021-10-01
846,2021-10-01
847,2021-10-01
848,2021-10-01
849,2021-10-01
850,2021-10-01
851,2021-10-01
852,2021-10-01
853,2021-10-01
854,2021-10-01
855,2021-10-01
856,2021-10-01
857,2021-10-01
858,2021-10-01
859,2021-10-01
860,2021-10-01
861,2021-10-01
862,2021-10-01
863,2021-10-01
864,2021-10-01
865,2021-10-01
866,2021-10-01
867,2021-10-01
868,2021-10-01
869,2021-10-01
870,2021-10-01
871,2021-10-01
872,2021-10-01
873,2021-10-01
874,2021-10-01
875,2021-10-01
876,2021-10-01
877,2021-10-01
878,2021-10-01
879,2021-10-01
880,2021-10-01
881,2021-11-01
882,2021-11-01
883,2021-11-01
884,2021-11-01
885,2021-11-01
886,2021-11-01
887,2021-11-01
888,2021-11-01
889,2021-11-01
890,2021-11-01
891,2021-11-01
892,2021-11-01
893,2021-11-01
894,2021-11-01
895,2021-11-01
896,2021-11-01
897,2021-11-01
898,2021-11-01
899,2021-11-01
900,2021-11-01
901,2021-11-01
902,2021-11-01
903,2021-11-01
904,2021-11-01
905,2021-11-01
906,2021-11-01
907,2021-11-01
908,2021-11-01
909,2021-11-01
910,2021-11-01
911,2021-11-01
912,2021-11-01
913,2021-11-01
914,2021-11-01
915,2021-11-01
916,2021-11-01
917,2021-11-01
918,2021-11-01
919,2021-11-01
920,2021-11-01
921,2021-12-01
922,2021-12-01
923,2021-12-01
924,2021-12-01
925,2021-12-01
926,2021-12-01
927,2021-12-01
928,2021-12-01
929,2021-12-01
930,2021-12-01
931,2021-12-01
932,2021-12-01
933,2021-12-01
934,2021-12-01
935,2021-12-01
936,2021-12-01
937,2021-12-01
938,2021-12-01
939,2021-12-01
940,2021-12-01
941,2021-12-01
942,2021-12-01
943,2021-12-01
944,2021-12-01
945,2021-12-01
946,2021-12-01
947,2021-12-01
948,2021-12-01
949,2021-12-01
950,2021-12-01
951,2021-12-01
952,2021-12-01
953,2021-12-01
954,2021-12-01
955,2021-12-01
956,2021-12-01
957,2021-12-01
958,2021-12-01
959,2021-12-01
960,2021-12-01
961,2022-01-01
962,2022-01-01
963,2022-01-01
964,2022-01-01
965,2022-01-01
966,2022-01-01
967,2022-01-01
968,2022-01-01
969,2022-01-01
970,2022-01-01
971,2022-01-01
972,2022-01-01
973,2022-01-01
974,2022-01-01
975,2022-01-01
976,2022-01-01
977,2022-01-01
978,2022-01-01
979,2022-01-01
980,2022-01-01
981,2022-01-01
982,2022-01-01
983,2022-01-01
984,2022-01-01
985,2022-01-01
986,2022-01-01
987,2022-01-01
988,2022-01-01
989,2022-01-01
990,2022-01-01
991,2022-01-01
992,2022-01-01
993,2022-01-01
994,2022-01-01
995,2022-01-01
996,2022-01-01
997,2022-01-01
998,2022-01-01
999,2022-01-01
1000,2022-01-01
1001,2022-02-01
1002,2022-02-01
1003,2022-02-01
1004,2022-02-01
1005,2022-02-01
1006,2022-02-01
1007,2022-02-01
1008,2022-02-01
1009,2022-02-01
1010,2022-02-01
1011,2022-02-01
1012,2022-02-01
1013,2022-02-01
1014,2022-02-01
1015,2022-02-01
1016,2022-02-01
1017,2022-02-01
1018,2022-02-01
1019,2022-02-01
1020,2022-02-01
1021,2022-02-01
1022,2022-02-01
1023,2022-02-01
1024,2022-02-01
1025,2022-02-01
1026,2022-02-01
1027,2022-02-01
1028,2022-02-01
1029,2022-02-01
1030,2022-02-01
1031,2022-02-01
1032,2022-02-01
1033,2022-02-01
1034,2022-02-01
1035,2022-02-01
1036,2022-02-01
1037,2022-02-01
1038,2022-02-01
1039,2022-02-01
1040,2022-02-01
1041,2022-03-01
1042,2022-03-01
1043,2022-03-01
1044,2022-03-01
1045,2022-03-01
1046,2022-03-01
1047,2022-03-01
1048,2022-03-01
1049,2022-03-01
1050,2022-03-01
1051,2022-03-01
1052,2022-03-01
1053,2022-03-01
1054,2022-03-01
1055,2022-03-01
1056,2022-03-01
1057,2022-03-01
1058,2022-03-01
1059,2022-03-01
1060,2022-03-01
1061,2022-03-01
1062,2022-03-01
1063,2022-03-01
1064,2022-03-01
1065,2022-03-01
1066,2022-03-01
1067,2022-03-01
1068,2022-03-01
1069,2022-03-01
1070,2022-03-01
1071,2022-03-01
1072,2022-03-01
1073,2022-03-01
1074,2022-03-01
1075,2022-03-01
1076,2022-03-01
1077,2022-03-01
1078,2022-03-01
1079,2022-03-01
1080,2022-03-01
1081,2022-04-01
1082,2022-04-01
1083,2022-04-01
1084,2022-04-01
1085,2022-04-01
1086,2022-04-01
1087,2022-04-01
1088,2022-04-01
1089,2022-04-01
1090,2022-04-01
1091,2022-04-01
1092,2022-04-01
1093,2022-04-01
1094,2022-04-01
1095,2022-04-01
1096,2022-04-01
1097,2022-04-01
1098,2022-04-01
1099,2022-04-01
1100,2022-04-01
1101,2022-04-01
1102,2022-04-01
1103,2022-04-01
1104,2022-04-01
1105,2022-04-01
1106,2022-04-01
1107,2022-04-01
1108,2022-04-01
1109,2022-04-01
1110,2022-04-01
1111,2022-04-01
1112,2022-04-01
1113,2022-04-01
1114,2022-04-01
1115,2022-04-01
1116,2022-04-01
1117,2022-04-01
1118,2022-04-01
1119,2022-04-01
1120,2022-04-01
1121,2022-05-01
1122,2022-05-01
1123,2022-05-01
1124,2022-05-01
1125,2022-05-01
1126,2022-05-01
1127,2022-05-01
1128,2022-05-01
1129,2022-05-01
1130,2022-05-01
1131,2022-05-01
1132,2022-05-01
1133,2022-05-01
1134,2022-05-01
1135,2022-05-01
1136,2022-05-01
1137,2022-05-01
1138,2022-05-01
1139,2022-05-01
1140,2022-05-01
1141,2022-05-01
1142,2022-05-01
1143,2022-05-01
1144,2022-05-01
1145,2022-05-01
1146,2022-05-01
1147,2022-05-01
1148,2022-05-01
1149,2022-05-01
1150,2022-05-01
1151,2022-05-01
1152,2022-05-01
1153,2022-05-01
1154,2022-05-01
1155,2022-05-01
1156,2022-05-01
1157,2022-05-01
1158,2022-05-01
1159,2022-05-01
1160,2022-05-01
1161,2022-06-01
1162,2022-06-01
1163,2022-06-01
1164,2022-06-01
1165,2022-06-01
1166,2022-06-01
1167,2022-06-01
1168,2022-06-01
1169,2022-06-01
1170,2022-06-01
1171,2022-06-01
1172,2022-06-01
1173,2022-06-01
1174,2022-06-01
1175,2022-06-01
1176,2022-06-01
1177,2022-06-01
1178,2022-06-01
1179,2022-06-01
1180,2022-06-01
1181,2022-06-01
1182,2022-06-01
1183,2022-06-01
1184,2022-06-01
1185,2022-06-01
1186,2022-06-01
1187,2022-06-01
1188,2022-06-01
1189,2022-06-01
1190,2022-06-01
1191,2022-06-01
1192,2022-06-01
1193,2022-06-01
1194,2022-06-01
1195,2022-06-01
1196,2022-06-01
1197,2022-06-01
1198,2022-06-01
1199,2022-06-01
1200,2022-06-01
1201,2022-07-01
1202,2022-07-01
1203,2022-07-01
1204,2022-07-01
1205,2022-07-01
1206,2022-07-01
1207,2022-07-01
1208,2022-07-01
1209,2022-07-01
1210,2022-07-01
1211,2022-07-01
1212,2022-07-01
1213,2022-07-01
1214,2022-07-01
1215,2022-07-01
1216,2022-07-01
1217,2022-07-01
1218,2022-07-01
1219,2022-07-01
1220,2022-07-01
1221,2022-07-01
1222,2022-07-01
1223,2022-07-01
1224,2022-07-01
1225,2022-07-01
1226,2022-07-01
1227,2022-07-01
1228,2022-07-01
1229,2022-07-01
1230,2022-07-01
1231,2022-07-01
1232,2022-07-01
1233,2022-07-01
1234,2022-07-01
1235,2022-07-01
1236,2022-07-01
1237,2022-07-01
1238,2022-07-01
1239,2022-07-01
1240,2022-07-01
1241,2022-08-01
1242,2022-08-01
1243,2022-08-01
1244,2022-08-01
1245,2022-08-01
1246,2022-08-01
1247,2022-08-01
1248,2022-08-01
1249,2022-08-01
1250,2022-08-01
1251,2022-08-01
1252,2022-08-01
1253,2022-08-01
1254,2022-08-01
1255,2022-08-01
1256,2022-08-01
1257,2022-08-01
1258,2022-08-01
1259,2022-08-01
1260,2022-08-01
1261,2022-08-01
1262,2022-08-01
1263,2022-08-01
1264,2022-08-01
1265,2022-08-01
1266,2022-08-01
1267,2022-08-01
1268,2022-08-01
1269,2022-08-01
1270,2022-08-01
1271,2022-08-01
1272,2022-08-01
1273,2022-08-01
1274,2022-08-01
1275,2022-08-01
1276,2022-08-01
1277,2022-08-01
1278,2022-08-01
1279,2022-08-01
1280,2022-08-01
1281,2022-09-01
1282,2022-09-01
1283,2022-09-01
1284,2022-09-01
1285,2022-09-01
1286,2022-09-01
1287,2022-09-01
1288,2022-09-01
1289,2022-09-01
1290,2022-09-01
1291,2022-09-01
1292,2022-09-01
1293,2022-09-01
1294,2022-09-01
1295,2022-09-01
1296,2022-09-01
1297,2022-09-01
1298,2022-09-01
1299,2022-09-01
1300,2022-09-01
1301,2022-09-01
1302,2022-09-01
1303,2022-09-01
1304,2022-09-01
1305,2022-09-01
1306,2022-09-01
1307,2022-09-01
1308,2022-09-01
1309,2022-09-01
1310,2022-09-01
1311,2022-09-01
1312,2022-09-01
1313,2022-09-01
1314,2022-09-01
1315,2022-09-01
1316,2022-09-01
1317,2022-09-01
1318,2022-09-01
1319,2022-09-01
1320,2022-09-01
1321,2022-10-01
1322,2022-10-01
1323,2022-10-01
1324,2022-10-01
1325,2022-10-01
1326,2022-10-01
1327,2022-10-01
1328,2022-10-01
1329,2022-10-01
1330,2022-10-01
1331,2022-10-01
1332,2022-10-01
1333,2022-10-01
1334,2022-10-01
1335,2022-10-01
1336,2022-10-01
1337,2022-10-01
1338,2022-10-01
1339,2022-10-01
1340,2022-10-01
1341,2022-10-01
1342,2022-10-01
1343,2022-10-01
1344,2022-10-01
1345,2022-10-01
1346,2022-10-01
1347,2022-10-01
1348,2022-10-01
1349,2022-10-01
1350,2022-10-01
1351,2022-10-01
1352,2022-10-01
1353,2022-10-01
1354,2022-10-01
1355,2022-10-01
1356,2022-10-01
1357,2022-10-01
1358,2022-10-01
1359,2022-10-01
1360,2022-10-01
1361,2022-11-01
1362,2022-11-01
1363,2022-11-01
1364,2022-11-01
1365,2022-11-01
1366,2022-11-01
1367,2022-11-01
1368,2022-11-01
1369,2022-11-01
1370,2022-11-01
1371,2022-11-01
1372,2022-11-01
1373,2022-11-01
1374,2022-11-01
1375,2022-11-01
1376,2022-11-01
1377,2022-11-01
1378,2022-11-01
1379,2022-11-01
1380,2022-11-01
1381,2022-11-01
1382,2022-11-01
1383,2022-11-01
1384,2022-11-01
1385,2022-11-01
1386,2022-11-01
1387,2022-11-01
1388,2022-11-01
1389,2022-11-01
1390,2022-11-01
1391,2022-11-01
1392,2022-11-01
1393,2022-11-01
1394,2022-11-01
1395,2022-11-01
1396,2022-11-01
1397,2022-11-01
1398,2022-11-01
1399,2022-11-01
1400,2022-11-01
1401,2022-12-01
1402,2022-12-01
1403,2022-12-01
1404,2022-12-01
1405,2022-12-01
1406,2022-12-01
1407,2022-12-01
1408,2022-12-01
1409,2022-12-01
1410,2022-12-01
1411,2022-12-01
1412,2022-12-01
1413,2022-12-01
1414,2022-12-01
1415,2022-12-01
1416,2022-12-01
1417,2022-12-01
1418,2022-12-01
1419,2022-12-01
1420,2022-12-01
1421,2022-12-01
1422,2022-12-01
1423,2022-12-01
1424,2022-12-01
1425,2022-12-01
1426,2022-12-01
1427,2022-12-01
1428,2022-12-01
1429,2022-12-01
1430,2022-12-01
1431,2022-12-01
1432,2022-12-01
1433,2022-12-01
1434,2022-12-01
1435,2022-12-01
1436,2022-12-01
1437,2022-12-01
1438,2022-12-01
1439,2022-12-01
1440,2022-12-01
1441,2023-01-01
1442,2023-01-01
1443,2023-01-01
1444,2023-01-01
1445,2023-01-01
1446,2023-01-01
1447,2023-01-01
1448,2023-01-01
1449,2023-01-01
1450,2023-01-01
1451,2023-01-01
1452,2023-01-01
1453,2023-01-01
1454,2023-01-01
1455,2023-01-01
1456,2023-01-01
1457,2023-01-01
1458,2023-01-01
1459,2023-01-01
1460,2023-01-01
1461,2023-01-01
1462,2023-01-01
1463,2023-01-01
1464,2023-01-01
1465,2023-01-01
1466,2023-01-01
1467,2023-01-01
1468,2023-01-01
1469,2023-01-01
1470,2023-01-01
1471,2023-01-01
1472,2023-01-01
1473,2023-01-01
1474,2023-01-01
1475,2023-01-01
1476,2023-01-01
1477,2023-01-01
1478,2023-01-01
1479,2023-01-01
1480,2023-01-01
1481,2023-02-01
1482,2023-02-01
1483,2023-02-01
1484,2023-02-01
1485,2023-02-01
1486,2023-02-01
1487,2023-02-01
1488,2023-02-01
1489,2023-02-01
1490,2023-02-01
1491,2023-02-01
1492,2023-02-01
1493,2023-02-01
1494,2023-02-01
1495,2023-02-01
1496,2023-02-01
1497,2023-02-01
1498,2023-02-01
1499,2023-02-01
1500,2023-02-01
1501,2023-02-01
1502,2023-02-01
1503,2023-02-01
1504,2023-02-01
1505,2023-02-01
1506,2023-02-01
1507,2023-02-01
1508,2023-02-01
1509,2023-02-01
1510,2023-02-01
1511,2023-02-01
1512,2023-02-01
1513,2023-02-01
1514,2023-02-01
1515,2023-02-01
1516,2023-02-01
1517,2023-02-01
1518,2023-02-01
1519,2023-02-01
1520,2023-02-01
1521,2023-03-01
1522,2023-03-01
1523,2023-03-01
1524,2023-03-01
1525,2023-03-01
1526,2023-03-01
1527,2023-03-01
1528,2023-03-01
1529,2023-03-01
1530,2023-03-01
1531,2023-03-01
1532,2023-03-01
1533,2023-03-01
1534,2023-03-01
1535,2023-03-01
1536,2023-03-01
1537,2023-03-01
1538,2023-03-01
1539,2023-03-01
1540,2023-03-01
1541,2023-03-01
1542,2023-03-01
1543,2023-03-01
1544,2023-03-01
1545,2023-03-01
1546,2023-03-01
1547,2023-03-01
1548,2023-03-01
1549,2023-03-01
1550,2023-03-01
1551,2023-03-01
1552,2023-03-01
1553,2023-03-01
1554,2023-03-01
1555,2023-03-01
1556,2023-03-01
1557,2023-03-01
1558,2023-03-01
1559,2023-03-01
1560,2023-03-01
1561,2023-04-01
1562,2023-04-01
1563,2023-04-01
1564,2023-04-01
1565,2023-04-01
1566,2023-04-01
1567,2023-04-01
1568,2023-04-01
1569,2023-04-01
1570,2023-04-01
1571,2023-04-01
1572,2023-04-01
1573,2023-04-01
1574,2023-04-01
1575,2023-04-01
1576,2023-04-01
1577,2023-04-01
1578,2023-04-01
1579,2023-04-01
1580,2023-04-01
1581,2023-04-01
1582,2023-04-01
1583,2023-04-01
1584,2023-04-01
1585,2023-04-01
1586,2023-04-01
1587,2023-04-01
1588,2023-04-01
1589,2023-04-01
1590,2023-04-01
1591,2023-04-01
1592,2023-04-01
1593,2023-04-01
1594,2023-04-01
1595,2023-04-01
1596,2023-04-01
1597,2023-04-01
1598,2023-04-01
1599,2023-04-01
1600,2023-04-01
1601,2023-05-01
1602,2023-05-01
1603,2023-05-01
1604,2023-05-01
1605,2023-05-01
1606,2023-05-01
1607,2023-05-01
1608,2023-05-01
1609,2023-05-01
1610,2023-05-01
1611,2023-05-01
1612,2023-05-01
1613,2023-05-01
1614,2023-05-01
1615,2023-05-01
1616,2023-05-01
1617,2023-05-01
1618,2023-05-01
1619,2023-05-01
1620,2023-05-01
1621,2023-05-01
1622,2023-05-01
1623,2023-05-01
1624,2023-05-01
1625,2023-05-01
1626,2023-05-01
1627,2023-05-01
1628,2023-05-01
1629,2023-05-01
1630,2023-05-01
1631,2023-05-01
1632,2023-05-01
1633,2023-05-01
1634,2023-05-01
1635,2023-05-01
1636,2023-05-01
1637,2023-05-01
1638,2023-05-01
1639,2023-05-01
1640,2023-05-01
1641,2023-06-01
1642,2023-06-01
1643,2023-06-01
1644,2023-06-01
1645,2023-06-01
1646,2023-06-01
1647,2023-06-01
1648,2023-06-01
1649,2023-06-01
1650,2023-06-01
1651,2023-06-01
1652,2023-06-01
1653,2023-06-01
1654,2023-06-01
1655,2023-06-01
1656,2023-06-01
1657,2023-06-01
1658,2023-06-01
1659,2023-06-01
1660,2023-06-01
1661,2023-06-01
1662,2023-06-01
1663,2023-06-01
1664,2023-06-01
1665,2023-06-01
1666,2023-06-01
1667,2023-06-01
1668,2023-06-01
1669,2023-06-01
1670,2023-06-01
1671,2023-06-01
1672,2023-06-01
1673,2023-06-01
1674,2023-06-01
1675,2023-06-01
1676,2023-06-01
1677,2023-06-01
1678,2023-06-01
1679,2023-06-01
1680,2023-06-01
1681,2023-07-01
1682,2023-07-01
1683,2023-07-01
1684,2023-07-01
1685,2023-07-01
1686,2023-07-01
1687,2023-07-01
1688,2023-07-01
1689,2023-07-01
1690,2023-07-01
1691,2023-07-01
1692,2023-07-01
1693,2023-07-01
1694,2023-07-01
1695,2023-07-01
1696,2023-07-01
1697,2023-07-01
1698,2023-07-01
1699,2023-07-01
1700,2023-07-01
1701,2023-07-01
1702,2023-07-01
1703,2023-07-01
1704,2023-07-01
1705,2023-07-01
1706,2023-07-01
1707,2023-07-01
1708,2023-07-01
1709,2023-07-01
1710,2023-07-01
1711,2023-07-01
1712,2023-07-01
1713,2023-07-01
1714,2023-07-01
1715,2023-07-01
1716,2023-07-01
1717,2023-07-01
1718,2023-07-01
1719,2023-07-01
1720,2023-07-01
1721,2023-08-01
1722,2023-08-01
1723,2023-08-01
1724,2023-08-01
1725,2023-08-01
1726,2023-08-01
1727,2023-08-01
1728,2023-08-01
1729,2023-08-01
1730,2023-08-01
1731,2023-08-01
1732,2023-08-01
1733,2023-08-01
1734,2023-08-01
1735,2023-08-01
1736,2023-08-01
1737,2023-08-01
1738,2023-08-01
1739,2023-08-01
1740,2023-08-01
1741,2023-08-01
1742,2023-08-01
1743,2023-08-01
1744,2023-08-01
1745,2023-08-01
1746,2023-08-01
1747,2023-08-01
1748,2023-08-01
1749,2023-08-01
1750,2023-08-01
1751,2023-08-01
1752,2023-08-01
1753,2023-08-01
1754,2023-08-01
1755,2023-08-01
1756,2023-08-01
1757,2023-08-01
1758,2023-08-01
1759,2023-08-01
1760,2023-08-01
1761,2023-09-01
1762,2023-09-01
1763,2023-09-01
1764,2023-09-01
1765,2023-09-01
1766,2023-09-01
1767,2023-09-01
1768,2023-09-01
1769,2023-09-01
1770,2023-09-01
1771,2023-09-01
1772,2023-09-01
1773,2023-09-01
1774,2023-09-01
1775,2023-09-01
1776,2023-09-01
1777,2023-09-01
1778,2023-09-01
1779,2023-09-01
1780,2023-09-01
1781,2023-09-01
1782,2023-09-01
1783,2023-09-01
1784,2023-09-01
1785,2023-09-01
1786,2023-09-01
1787,2023-09-01
1788,2023-09-01
1789,2023-09-01
1790,2023-09-01
1791,2023-09-01
1792,2023-09-01
1793,2023-09-01
1794,2023-09-01
1795,2023-09-01
1796,2023-09-01
1797,2023-09-01
1798,2023-09-01
1799,2023-09-01
1800,2023-09-01
1801,2023-10-01
1802,2023-10-01
1803,2023-10-01
1804,2023-10-01
1805,2023-10-01
1806,2023-10-01
1807,2023-10-01
1808,2023-10-01
1809,2023-10-01
1810,2023-10-01
1811,2023-10-01
1812,2023-10-01
1813,2023-10-01
1814,2023-10-01
1815,2023-10-01
1816,2023-10-01
1817,2023-10-01
1818,2023-10-01
1819,2023-10-01
1820,2023-10-01
1821,2023-10-01
1822,2023-10-01
1823,2023-10-01
1824,2023-10-01
1825,2023-10-01
1826,2023-10-01
1827,2023-10-01
1828,2023-10-01
1829,2023-10-01
1830,2023-10-01
1831,2023-10-01
1832,2023-10-01
1833,2023-10-01
1834,2023-10-01
1835,2023-10-01
1836,2023-10-01
1837,2023-10-01
1838,2023-10-01
1839,2023-10-01
1840,2023-10-01
1841,2023-11-01
1842,2023-11-01
1843,2023-11-01
1844,2023-11-01
1845,2023-11-01
1846,2023-11-01
1847,2023-11-01
1848,2023-11-01
1849,2023-11-01
1850,2023-11-01
1851,2023-11-01
1852,2023-11-01
1853,2023-11-01
1854,2023-11-01
1855,2023-11-01
1856,2023-11-01
1857,2023-11-01
1858,2023-11-01
1859,2023-11-01
1860,2023-11-01
1861,2023-11-01
1862,2023-11-01
1863,2023-11-01
1864,2023-11-01
1865,2023-11-01
1866,2023-11-01
1867,2023-11-01
1868,2023-11-01
1869,2023-11-01
1870,2023-11-01
1871,2023-11-01
1872,2023-11-01
1873,2023-11-01
1874,2023-11-01
1875,2023-11-01
1876,2023-11-01
1877,2023-11-01
1878,2023-11-01
1879,2023-11-01
1880,2023-11-01
1881,2023-12-01
1882,2023-12-01
1883,2023-12-01
1884,2023-12-01
1885,2023-12-01
1886,2023-12-01
1887,2023-12-01
1888,2023-12-01
1889,2023-12-01
1890,2023-12-01
1891,2023-12-01
1892,2023-12-01
1893,2023-12-01
1894,2023-12-01
1895,2023-12-01
1896,2023-12-01
1897,2023-12-01
1898,2023-12-01
1899,2023-12-01
1900,2023-12-01
1901,2023-12-01
1902,2023-12-01
1903,2023-12-01
1904,2023-12-01
1905,2023-12-01
1906,2023-12-01
1907,2023-12-01
1908,2023-12-01
1909,2023-12-01
1910,2023-12-01
1911,2023-12-01
1912,2023-12-01
1913,2023-12-01
1914,2023-12-01
1915,2023-12-01
1916,2023-12-01
1917,2023-12-01
1918,2023-12-01
1919,2023-12-01
1920,2023-12-01
1921,2024-01-01
1922,2024-01-01
1923,2024-01-01
1924,2024-01-01
1925,2024-01-01
1926,2024-01-01
1927,2024-01-01
1928,2024-01-01
1929,2024-01-01
1930,2024-01-01
1931,2024-01-01
1932,2024-01-01
1933,2024-01-01
1934,2024-01-01
1935,2024-01-01
1936,2024-01-01
1937,2024-01-01
1938,2024-01-01
1939,2024-01-01
1940,2024-01-01
1941,2024-01-01
1942,2024-01-01
1943,2024-01-01
1944,2024-01-01
1945,2024-01-01
1946,2024-01-01
1947,2024-01-01
1948,2024-01-01
1949,2024-01-01
1950,2024-01-01
1951,2024-01-01
1952,2024-01-01
1953,2024-01-01
1954,2024-01-01
1955,2024-01-01
1956,2024-01-01
1957,2024-01-01
1958,2024-01-01
1959,2024-01-01
1960,2024-01-01
1961,2024-02-01
1962,2024-02-01
1963,2024-02-01
1964,2024-02-01
1965,2024-02-01
1966,2024-02-01
1967,2024-02-01
1968,2024-02-01
1969,2024-02-01
1970,2024-02-01
1971,2024-02-01
1972,2024-02-01
1973,2024-02-01
1974,2024-02-01
1975,2024-02-01
1976,2024-02-01
1977,2024-02-01
1978,2024-02-01
1979,2024-02-01
1980,2024-02-01
1981,2024-02-01
1982,2024-02-01
1983,2024-02-01
1984,2024-02-01
1985,2024-02-01
1986,2024-02-01
1987,2024-02-01
1988,2024-02-01
1989,2024-02-01
1990,2024-02-01
1991,2024-02-01
1992,2024-02-01
1993,2024-02-01
1994,2024-02-01
1995,2024-02-01
1996,2024-02-01
1997,2024-02-01
1998,2024-02-01
1999,2024-02-01
2000,2024-02-01
2001,2024-03-01
2002,2024-03-01
2003,2024-03-01
2004,2024-03-01
2005,2024-03-01
2006,2024-03-01
2007,2024-03-01
2008,2024-03-01
2009,2024-03-01
2010,2024-03-01
2011,2024-03-01
2012,2024-03-01
2013,2024-03-01
2014,2024-03-01
2015,2024-03-01
2016,2024-03-01
2017,2024-03-01
2018,2024-03-01
2019,2024-03-01
2020,2024-03-01
2021,2024-03-01
2022,2024-03-01
2023,2024-03-01
2024,2024-03-01
2025,2024-03-01
2026,2024-03-01
2027,2024-03-01
2028,2024-03-01
2029,2024-03-01
2030,2024-03-01
2031,2024-03-01
2032,2024-03-01
2033,2024-03-01
2034,2024-03-01
2035,2024-03-01
2036,2024-03-01
2037,2024-03-01
2038,2024-03-01
2039,2024-03-01
2040,2024-03-01
2041,2024-04-01
2042,2024-04-01
2043,2024-04-01
2044,2024-04-01
2045,2024-04-01
2046,2024-04-01
2047,2024-04-01
2048,2024-04-01
2049,2024-04-01
2050,2024-04-01
2051,2024-04-01
2052,2024-04-01
2053,2024-04-01
2054,2024-04-01
2055,2024-04-01
2056,2024-04-01
2057,2024-04-01
2058,2024-04-01
2059,2024-04-01
2060,2024-04-01
2061,2024-04-01
2062,2024-04-01
2063,2024-04-01
2064,2024-04-01
2065,2024-04-01
2066,2024-04-01
2067,2024-04-01
2068,2024-04-01
2069,2024-04-01
2070,2024-04-01
2071,2024-04-01
2072,2024-04-01
2073,2024-04-01
2074,2024-04-01
2075,2024-04-01
2076,2024-04-01
2077,2024-04-01
2078,2024-04-01
2079,2024-04-01
2080,2024-04-01
2081,2024-05-01
2082,2024-05-01
2083,2024-05-01
2084,2024-05-01
2085,2024-05-01
2086,2024-05-01
2087,2024-05-01
2088,2024-05-01
2089,2024-05-01
2090,2024-05-01
2091,2024-05-01
2092,2024-05-01
2093,2024-05-01
2094,2024-05-01
2095,2024-05-01
2096,2024-05-01
2097,2024-05-01
2098,2024-05-01
2099,2024-05-01
2100,2024-05-01
2101,2024-05-01
2102,2024-05-01
2103,2024-05-01
2104,2024-05-01
2105,2024-05-01
2106,2024-05-01
2107,2024-05-01
2108,2024-05-01
2109,2024-05-01
2110,2024-05-01
2111,2024-05-01
2112,2024-05-01
2113,2024-05-01
2114,2024-05-01
2115,2024-05-01
2116,2024-05-01
2117,2024-05-01
2118,2024-05-01
2119,2024-05-01
2120,2024-05-01
2121,2024-06-01
2122,2024-06-01
2123,2024-06-01
2124,2024-06-01
2125,2024-06-01
2126,2024-06-01
2127,2024-06-01
2128,2024-06-01
2129,2024-06-01
2130,2024-06-01
2131,2024-06-01
2132,2024-06-01
2133,2024-06-01
2134,2024-06-01
2135,2024-06-01
2136,2024-06-01
2137,2024-06-01
2138,2024-06-01
2139,2024-06-01
2140,2024-06-01
2141,2024-06-01
2142,2024-06-01
2143,2024-06-01
2144,2024-06-01
2145,2024-06-01
2146,2024-06-01
2147,2024-06-01
2148,2024-06-01
2149,2024-06-01
2150,2024-06-01
2151,2024-06-01
2152,2024-06-01
2153,2024-06-01
2154,2024-06-01
2155,2024-06-01
2156,2024-06-01
2157,2024-06-01
2158,2024-06-01
2159,2024-06-01
2160,2024-06-01
2161,2024-07-01
2162,2024-07-01
2163,2024-07-01
2164,2024-07-01
2165,2024-07-01
2166,2024-07-01
2167,2024-07-01
2168,2024-07-01
2169,2024-07-01
2170,2024-07-01
2171,2024-07-01
2172,2024-07-01
2173,2024-07-01
2174,2024-07-01
2175,2024-07-01
2176,2024-07-01
2177,2024-07-01
2178,2024-07-01
2179,2024-07-01
2180,2024-07-01
2181,2024-07-01
2182,2024-07-01
2183,2024-07-01
2184,2024-07-01
2185,2024-07-01
2186,2024-07-01
2187,2024-07-01
2188,2024-07-01
2189,2024-07-01
2190,2024-07-01
2191,2024-07-01
2192,2024-07-01
2193,2024-07-01
2194,2024-07-01
2195,2024-07-01
2196,2024-07-01
2197,2024-07-01
2198,2024-07-01
2199,2024-07-01
2200,2024-07-01
2201,2024-08-01
2202,2024-08-01
2203,2024-08-01
2204,2024-08-01
2205,2024-08-01
2206,2024-08-01
2207,2024-08-01
2208,2024-08-01
2209,2024-08-01
2210,2024-08-01
2211,2024-08-01
2212,2024-08-01
2213,2024-08-01
2214,2024-08-01
2215,2024-08-01
2216,2024-08-01
2217,2024-08-01
2218,2024-08-01
2219,2024-08-01
2220,2024-08-01
2221,2024-08-01
2222,2024-08-01
2223,2024-08-01
2224,2024-08-01
2225,2024-08-01
2226,2024-08-01
2227,2024-08-01
2228,2024-08-01
2229,2024-08-01
2230,2024-08-01
2231,2024-08-01
2232,2024-08-01
2233,2024-08-01
2234,2024-08-01
2235,2024-08-01
2236,2024-08-01
2237,2024-08-01
2238,2024-08-01
2239,2024-08-01
2240,2024-08-01
2241,2024-09-01
2242,2024-09-01
2243,2024-09-01
2244,2024-09-01
2245,2024-09-01
2246,2024-09-01
2247,2024-09-01
2248,2024-09-01
2249,2024-09-01
2250,2024-09-01
2251,2024-09-01
2252,2024-09-01
2253,2024-09-01
2254,2024-09-01
2255,2024-09-01
2256,2024-09-01
2257,2024-09-01
2258,2024-09-01
2259,2024-09-01
2260,2024-09-01
2261,2024-09-01
2262,2024-09-01
2263,2024-09-01
2264,2024-09-01
2265,2024-09-01
2266,2024-09-01
2267,2024-09-01
2268,2024-09-01
2269,2024-09-01
2270,2024-09-01
2271,2024-09-01
2272,2024-09-01
2273,2024-09-01
2274,2024-09-01
2275,2024-09-01
2276,2024-09-01
2277,2024-09-01
2278,2024-09-01
2279,2024-09-01
2280,2024-09-01
2281,2024-10-01
2282,2024-10-01
2283,2024-10-01
2284,2024-10-01
2285,2024-10-01
2286,2024-10-01
2287,2024-10-01
2288,2024-10-01
2289,2024-10-01
2290,2024-10-01
2291,2024-10-01
2292,2024-10-01
2293,2024-10-01
2294,2024-10-01
2295,2024-10-01
2296,2024-10-01
2297,2024-10-01
2298,2024-10-01
2299,2024-10-01
2300,2024-10-01
2301,2024-10-01
2302,2024-10-01
2303,2024-10-01
2304,2024-10-01
2305,2024-10-01
2306,2024-10-01
2307,2024-10-01
2308,2024-10-01
2309,2024-10-01
2310,2024-10-01
2311,2024-10-01
2312,2024-10-01
2313,2024-10-01
2314,2024-10-01
2315,2024-10-01
2316,2024-10-01
2317,2024-10-01
2318,2024-10-01
2319,2024-10-01
2320,2024-10-01
2321,2024-11-01
2322,2024-11-01
2323,2024-11-01
2324,2024-11-01
2325,2024-11-01
2326,2024-11-01
2327,2024-11-01
2328,2024-11-01
2329,2024-11-01
2330,2024-11-01
2331,2024-11-01
2332,2024-11-01
2333,2024-11-01
2334,2024-11-01
2335,2024-11-01
2336,2024-11-01
2337,2024-11-01
2338,2024-11-01
2339,2024-11-01
2340,2024-11-01
2341,2024-11-01
2342,2024-11-01
2343,2024-11-01
2344,2024-11-01
2345,2024-11-01
2346,2024-11-01
2347,2024-11-01
2348,2024-11-01
2349,2024-11-01
2350,2024-11-01
2351,2024-11-01
2352,2024-11-01
2353,2024-11-01
2354,2024-11-01
2355,2024-11-01
2356,2024-11-01
2357,2024-11-01
2358,2024-11-01
2359,2024-11-01
2360,2024-11-01
2361,2024-12-01
2362,2024-12-01
2363,2024-12-01
2364,2024-12-01
2365,2024-12-01
2366,2024-12-01
2367,2024-12-01
2368,2024-12-01
2369,2024-12-01
2370,2024-12-01
2371,2024-12-01
2372,2024-12-01
2373,2024-12-01
2374,2024-12-01
2375,2024-12-01
2376,2024-12-01
2377,2024-12-01
2378,2024-12-01
2379,2024-12-01
2380,2024-12-01
2381,2024-12-01
2382,2024-12-01
2383,2024-12-01
2384,2024-12-01
2385,2024-12-01
2386,2024-12-01
2387,2024-12-01
2388,2024-12-01
2389,2024-12-01
2390,2024-12-01
2391,2024-12-01
2392,2024-12-01
2393,2024-12-01
2394,2024-12-01
2395,2024-12-01
2396,2024-12-01
2397,2024-12-01
2398,2024-12-01
2399,2024-12-01
2400,2024-12-01
